epoch,LR,train_loss,train_iou,val_dice,val_iou,val_count
1,0.0003,1.4970384240150452,0.11209817772015605,0.1860635662940002,0.17395833333333333,0
2,0.00027135350407127024,1.3610816597938538,0.14222222222222222,0.1860635662940002,0.17395833333333333,0
3,0.00019635600407127022,1.3319639563560486,0.14925,0.1860635662940002,0.17395833333333333,0
4,0.00010365399592872976,1.311419129371643,0.15831481481481482,0.1860635662940002,0.17395833333333333,0
