epoch,LR,train_loss,train_iou,val_dice,val_iou,val_count
1,0.0003,1.5114903450012207,0.08888450750752323,0.18579155491326055,0.17346813725490196,0
2,0.00027135350407127024,1.3838507533073425,0.1428888888888889,0.18579155491326055,0.17346813725490196,0
3,0.00019635600407127022,1.3412785530090332,0.14600000000000002,0.18579155491326055,0.17346813725490196,0
4,0.00010365399592872976,1.3667664527893066,0.1464814814814815,0.18579155491326055,0.17346813725490196,0
5,2.8656495928729772e-05,1.3696514964103699,0.13955555555555554,0.18579155491326055,0.17346813725490196,0
