val_iou,val_dice,val_haus
0.5858548001580759,0.7259300466801827,77.90990570077373
0.15744257443628534,0.13135517758853454,43.5163744639262
