val_iou,val_dice,val_haus
0.5947636042091722,0.7338332173731554,78.66664345553706
0.15329841183982898,0.12650875976813997,42.92177231073326
